{
    "livedev.multibrowser": true,
    "sass.enabled": false,
    "sass.compiler": "libsass",
    "path": {
        "scss/app.scss": {
            "sass.enabled": true,
            "sass.options": {
                "includePaths": [
                    "../bower_components/bourbon/app/assets/stylesheets/"
                ],
                "outputDir": "../css/",
                "imagePath": null,
                "sourceComments": false,
                "outputStyle": "nested"
            },
            "linting.collapsed": false,
            "brackets-git.gitPath": "C:\\Program Files\\Git\\cmd\\git.exe",
            "brackets-git.terminalCommand": "C:\\Program Files\\Git\\git-bash.exe",
            "useTabChar": false,
            "spaceUnits": 2
        }
    }
}